cust_id_legacy,cust_name,cust_dob,cust_gender
45128803,Li Na,1990-07-25,F
55245666,Agnes Tang,1986-01-04,F
71204459,David Tan,1958-12-19,M
98231104,Sarah Lim,1985-01-30,F
17091225,Daniel Yeung,1982-03-26,M
44509861,Ming Brown,1998-01-27,M
0097309879,Priya Chow,1951-09-24,F
55691590,Daniel Tanaka,1972-04-18,M
16329105,Hoi Yan Tsang,1989-09-17,F
20737016,Marcus Tsang,1993-08-16,M
56294337,Vivian Tsang,1986-02-22,F
0032025226,Mei Ling Lam,1984-10-03,F
17404366,Daniel Tang,1969-11-14,M
17885621,Ka Yan Sharma,2001-11-21,F
53083943,Marcus Brown,1989-11-04,M
83289666,Oliver Tanaka,2001-08-13,M
57825472,Ming Tang,1958-01-10,M
86890319,Vivian Smith,2001-11-19,F
19295191,Vivian Mak,1990-02-01,F
57619105,Winnie Patel,1986-11-05,F
1003425081,Siu Ling Smith,1963-07-15,F
1272084999,Joyce Mak,1998-09-01,F
1272232039,Yuki Lee,1956-04-08,F
1345733448,Ming Sharma,1950-01-10,M
1369982817,Arjun Fung,1981-01-24,M
1777759401,Tsz Hin Chan,1971-11-05,M
1809923365,Kevin Ho,1982-08-03,M
1842303686,Siu Ling Leung,1955-10-15,F
2203391157,Maria Santos,1972-05-08,F
2277513075,Daniel Fung,1959-03-28,M
2531925273,Sophie Cheung,1990-02-04,F
2639172015,Vivian Cheung,1976-04-17,F
2751672943,Karen Brown,1997-09-14,F
2783886952,Jason Lim,1964-10-25,M
2897597490,Agnes Lim,1992-04-22,F
3179016710,Winnie Cheung,1991-01-14,F
3207719945,James Wong,1965-11-02,M
3328832319,Fiona Leung,1960-10-15,F
3694833017,Hiroshi Tanaka,1954-12-05,M
3814816203,Jason Tanaka,1966-07-07,M
3895453336,Raymond Tanaka,1996-12-10,M
4085391267,Samuel Chan,1993-12-25,M
4100023781,Chen Wei,1978-03-12,M
4206911990,Wing Sze Lim,1985-10-14,F
4256229846,Siu Ling Lim,1974-11-21,F
4309083358,Chun Kit Kwok,1958-02-05,M
4387664751,Sophie Tang,1967-09-09,F
4402838304,Karen Ng,1954-03-18,F
5134554812,Ka Yan Chow,1981-04-06,F
5138950247,Wei Tsang,1970-06-18,M
5185642036,Raymond Lau,1990-11-19,M
5379913896,Oliver Yeung,2002-08-17,M
5505973626,Marcus Ho,2001-02-18,M
5512098834,Zhang Hao,1995-09-14,M
5637223790,Fiona Lim,1961-07-10,F
5910720333,Agnes Tanaka,1993-01-17,F
5990686117,Peter Mak,1958-07-08,M
6106674386,Ming Cheung,1985-09-03,M
6130984472,Wang Fang,2000-02-11,F
6429278715,Arjun Tan,1955-05-03,M
6712542998,Hoi Yan Patel,1988-10-14,F
6737003611,Priya Patel,1978-03-20,F
6989217536,Wei Tan,1951-10-04,M
7186063045,Agnes Lee,1964-02-13,F
7504397999,Wei Lim,1989-02-14,M
7569827088,Oliver Mak,1998-01-09,M
7667641457,Yuki Lim,1972-03-25,F
7745016628,Emily Zhou,1969-04-27,F
8355315526,Sophie Koh,1958-03-20,F
8383656346,Marcus Kwok,1966-02-05,M
8487706006,Jason Ho,1984-04-12,M
8523286479,Chun Kit Wong,1963-06-12,M
8585205808,Wei Ng,1952-03-19,M
8805210249,Eric Smith,1969-01-23,M
8871289681,Vivian Koh,1959-09-13,F
8964346572,Wing Sze Yeung,1963-04-07,F
9448071998,Raymond Smith,1990-04-28,M
9567133447,Hoi Yan Kwok,1969-04-15,F
9627692505,Chun Kit Lau,1953-04-25,M
9794231618,Rachel Patel,1995-03-19,F
