currency_code,rate_date,units_per_usd
USD,2025-01-02,1
HKD,2025-01-02,7.7827
CNY,2025-01-02,7.3038
USD,2025-01-03,1
HKD,2025-01-03,7.7886
CNY,2025-01-03,7.297
USD,2025-01-06,1
HKD,2025-01-06,7.7807
CNY,2025-01-06,7.2955
USD,2025-01-07,1
HKD,2025-01-07,7.7835
CNY,2025-01-07,7.308
USD,2025-01-08,1
HKD,2025-01-08,7.7762
CNY,2025-01-08,7.2918
USD,2025-01-09,1
HKD,2025-01-09,7.7805
CNY,2025-01-09,7.2967
USD,2025-01-10,1
HKD,2025-01-10,7.7897
CNY,2025-01-10,7.3078
USD,2025-01-13,1
HKD,2025-01-13,7.7891
CNY,2025-01-13,7.3038
USD,2025-01-14,1
HKD,2025-01-14,7.8045
CNY,2025-01-14,7.2997
USD,2025-01-15,1
HKD,2025-01-15,7.7998
CNY,2025-01-15,7.2853
USD,2025-01-16,1
HKD,2025-01-16,7.8003
CNY,2025-01-16,7.2864
USD,2025-01-17,1
HKD,2025-01-17,7.7983
CNY,2025-01-17,7.2849
USD,2025-01-20,1
HKD,2025-01-20,7.7999
CNY,2025-01-20,7.2925
USD,2025-01-21,1
HKD,2025-01-21,7.8065
CNY,2025-01-21,7.2943
USD,2025-01-22,1
HKD,2025-01-22,7.7957
CNY,2025-01-22,7.3021
USD,2025-01-23,1
HKD,2025-01-23,7.7872
CNY,2025-01-23,7.2993
USD,2025-01-24,1
HKD,2025-01-24,7.7784
CNY,2025-01-24,7.2986
USD,2025-01-27,1
HKD,2025-01-27,7.7737
CNY,2025-01-27,7.3005
USD,2025-01-28,1
HKD,2025-01-28,7.7935
CNY,2025-01-28,7.2992
USD,2025-01-29,1
HKD,2025-01-29,7.7986
CNY,2025-01-29,7.2826
USD,2025-01-30,1
HKD,2025-01-30,7.7968
CNY,2025-01-30,7.2899
USD,2025-01-31,1
HKD,2025-01-31,7.7963
CNY,2025-01-31,7.2936
USD,2025-02-03,1
HKD,2025-02-03,7.7969
CNY,2025-02-03,7.2808
USD,2025-02-04,1
HKD,2025-02-04,7.8003
CNY,2025-02-04,7.2704
USD,2025-02-05,1
HKD,2025-02-05,7.8115
CNY,2025-02-05,7.2636
USD,2025-02-06,1
HKD,2025-02-06,7.8156
CNY,2025-02-06,7.263
USD,2025-02-07,1
HKD,2025-02-07,7.8214
CNY,2025-02-07,7.255
USD,2025-02-10,1
HKD,2025-02-10,7.8273
CNY,2025-02-10,7.2529
USD,2025-02-11,1
HKD,2025-02-11,7.8349
CNY,2025-02-11,7.2596
USD,2025-02-12,1
HKD,2025-02-12,7.8358
CNY,2025-02-12,7.2496
USD,2025-02-13,1
HKD,2025-02-13,7.8404
CNY,2025-02-13,7.2545
USD,2025-02-14,1
HKD,2025-02-14,7.85
CNY,2025-02-14,7.2493
USD,2025-02-17,1
HKD,2025-02-17,7.85
CNY,2025-02-17,7.2547
USD,2025-02-18,1
HKD,2025-02-18,7.85
CNY,2025-02-18,7.2565
USD,2025-02-19,1
HKD,2025-02-19,7.85
CNY,2025-02-19,7.2486
USD,2025-02-20,1
HKD,2025-02-20,7.8439
CNY,2025-02-20,7.2431
USD,2025-02-21,1
HKD,2025-02-21,7.8475
CNY,2025-02-21,7.2606
USD,2025-02-24,1
HKD,2025-02-24,7.85
CNY,2025-02-24,7.2725
USD,2025-02-25,1
HKD,2025-02-25,7.85
CNY,2025-02-25,7.2802
USD,2025-02-26,1
HKD,2025-02-26,7.85
CNY,2025-02-26,7.2887
USD,2025-02-27,1
HKD,2025-02-27,7.85
CNY,2025-02-27,7.2841
USD,2025-02-28,1
HKD,2025-02-28,7.8458
CNY,2025-02-28,7.3069
USD,2025-03-03,1
HKD,2025-03-03,7.8473
CNY,2025-03-03,7.3179
USD,2025-03-04,1
HKD,2025-03-04,7.85
CNY,2025-03-04,7.3036
USD,2025-03-05,1
HKD,2025-03-05,7.85
CNY,2025-03-05,7.3242
USD,2025-03-06,1
HKD,2025-03-06,7.85
CNY,2025-03-06,7.3325
USD,2025-03-07,1
HKD,2025-03-07,7.85
CNY,2025-03-07,7.3212
USD,2025-03-10,1
HKD,2025-03-10,7.8493
CNY,2025-03-10,7.325
USD,2025-03-11,1
HKD,2025-03-11,7.85
CNY,2025-03-11,7.3328
USD,2025-03-12,1
HKD,2025-03-12,7.85
CNY,2025-03-12,7.3483
USD,2025-03-13,1
HKD,2025-03-13,7.8454
CNY,2025-03-13,7.35
USD,2025-03-14,1
HKD,2025-03-14,7.85
CNY,2025-03-14,7.3458
USD,2025-03-17,1
HKD,2025-03-17,7.8393
CNY,2025-03-17,7.3342
USD,2025-03-18,1
HKD,2025-03-18,7.8407
CNY,2025-03-18,7.3399
USD,2025-03-19,1
HKD,2025-03-19,7.85
CNY,2025-03-19,7.3271
USD,2025-03-20,1
HKD,2025-03-20,7.85
CNY,2025-03-20,7.3342
USD,2025-03-21,1
HKD,2025-03-21,7.849
CNY,2025-03-21,7.3051
USD,2025-03-24,1
HKD,2025-03-24,7.85
CNY,2025-03-24,7.3321
USD,2025-03-25,1
HKD,2025-03-25,7.85
CNY,2025-03-25,7.3204
USD,2025-03-26,1
HKD,2025-03-26,7.8475
CNY,2025-03-26,7.3224
USD,2025-03-27,1
HKD,2025-03-27,7.85
CNY,2025-03-27,7.3291
USD,2025-03-28,1
HKD,2025-03-28,7.85
CNY,2025-03-28,7.3471
USD,2025-03-31,1
HKD,2025-03-31,7.8495
CNY,2025-03-31,7.35
USD,2025-04-01,1
HKD,2025-04-01,7.8454
CNY,2025-04-01,7.3436
USD,2025-04-02,1
HKD,2025-04-02,7.8497
CNY,2025-04-02,7.35
USD,2025-04-03,1
HKD,2025-04-03,7.85
CNY,2025-04-03,7.35
USD,2025-04-04,1
HKD,2025-04-04,7.8391
CNY,2025-04-04,7.3407
USD,2025-04-07,1
HKD,2025-04-07,7.8354
CNY,2025-04-07,7.3336
USD,2025-04-08,1
HKD,2025-04-08,7.8389
CNY,2025-04-08,7.3289
USD,2025-04-09,1
HKD,2025-04-09,7.8437
CNY,2025-04-09,7.3292
USD,2025-04-10,1
HKD,2025-04-10,7.8417
CNY,2025-04-10,7.3299
USD,2025-04-11,1
HKD,2025-04-11,7.8442
CNY,2025-04-11,7.3395
USD,2025-04-14,1
HKD,2025-04-14,7.8414
CNY,2025-04-14,7.336
USD,2025-04-15,1
HKD,2025-04-15,7.8332
CNY,2025-04-15,7.35
USD,2025-04-16,1
HKD,2025-04-16,7.8419
CNY,2025-04-16,7.3472
USD,2025-04-17,1
HKD,2025-04-17,7.839
CNY,2025-04-17,7.3316
USD,2025-04-18,1
HKD,2025-04-18,7.84
CNY,2025-04-18,7.3334
USD,2025-04-21,1
HKD,2025-04-21,7.85
CNY,2025-04-21,7.3357
USD,2025-04-22,1
HKD,2025-04-22,7.8453
CNY,2025-04-22,7.3056
USD,2025-04-23,1
HKD,2025-04-23,7.85
CNY,2025-04-23,7.3072
USD,2025-04-24,1
HKD,2025-04-24,7.8403
CNY,2025-04-24,7.3087
USD,2025-04-25,1
HKD,2025-04-25,7.8307
CNY,2025-04-25,7.3497
USD,2025-04-28,1
HKD,2025-04-28,7.8374
CNY,2025-04-28,7.35
USD,2025-04-29,1
HKD,2025-04-29,7.8364
CNY,2025-04-29,7.3236
USD,2025-04-30,1
HKD,2025-04-30,7.8356
CNY,2025-04-30,7.3043
USD,2025-05-01,1
HKD,2025-05-01,7.8392
CNY,2025-05-01,7.2779
USD,2025-05-02,1
HKD,2025-05-02,7.8337
CNY,2025-05-02,7.2918
USD,2025-05-05,1
HKD,2025-05-05,7.8436
CNY,2025-05-05,7.277
USD,2025-05-06,1
HKD,2025-05-06,7.8344
CNY,2025-05-06,7.2868
USD,2025-05-07,1
HKD,2025-05-07,7.8395
CNY,2025-05-07,7.2743
USD,2025-05-08,1
HKD,2025-05-08,7.8353
CNY,2025-05-08,7.2652
USD,2025-05-09,1
HKD,2025-05-09,7.8282
CNY,2025-05-09,7.2564
USD,2025-05-12,1
HKD,2025-05-12,7.8357
CNY,2025-05-12,7.264
USD,2025-05-13,1
HKD,2025-05-13,7.848
CNY,2025-05-13,7.2622
USD,2025-05-14,1
HKD,2025-05-14,7.8472
CNY,2025-05-14,7.2497
USD,2025-05-15,1
HKD,2025-05-15,7.8465
CNY,2025-05-15,7.2333
USD,2025-05-16,1
HKD,2025-05-16,7.8358
CNY,2025-05-16,7.2409
USD,2025-05-19,1
HKD,2025-05-19,7.8445
CNY,2025-05-19,7.2503
USD,2025-05-20,1
HKD,2025-05-20,7.85
CNY,2025-05-20,7.2526
USD,2025-05-21,1
HKD,2025-05-21,7.8457
CNY,2025-05-21,7.253
USD,2025-05-22,1
HKD,2025-05-22,7.8434
CNY,2025-05-22,7.2389
USD,2025-05-23,1
HKD,2025-05-23,7.8333
CNY,2025-05-23,7.2204
USD,2025-05-26,1
HKD,2025-05-26,7.8333
CNY,2025-05-26,7.2215
USD,2025-05-27,1
HKD,2025-05-27,7.8304
CNY,2025-05-27,7.238
USD,2025-05-28,1
HKD,2025-05-28,7.8315
CNY,2025-05-28,7.2443
USD,2025-05-29,1
HKD,2025-05-29,7.8388
CNY,2025-05-29,7.2337
USD,2025-05-30,1
HKD,2025-05-30,7.827
CNY,2025-05-30,7.2421
USD,2025-06-02,1
HKD,2025-06-02,7.8228
CNY,2025-06-02,7.2571
USD,2025-06-03,1
HKD,2025-06-03,7.8249
CNY,2025-06-03,7.2685
USD,2025-06-04,1
HKD,2025-06-04,7.8295
CNY,2025-06-04,7.2428
USD,2025-06-05,1
HKD,2025-06-05,7.8338
CNY,2025-06-05,7.234
USD,2025-06-06,1
HKD,2025-06-06,7.8292
CNY,2025-06-06,7.2281
USD,2025-06-09,1
HKD,2025-06-09,7.8338
CNY,2025-06-09,7.238
USD,2025-06-10,1
HKD,2025-06-10,7.8399
CNY,2025-06-10,7.2174
USD,2025-06-11,1
HKD,2025-06-11,7.8364
CNY,2025-06-11,7.1882
USD,2025-06-12,1
HKD,2025-06-12,7.8358
CNY,2025-06-12,7.1947
USD,2025-06-13,1
HKD,2025-06-13,7.8312
CNY,2025-06-13,7.1969
USD,2025-06-16,1
HKD,2025-06-16,7.8326
CNY,2025-06-16,7.2083
USD,2025-06-17,1
HKD,2025-06-17,7.8276
CNY,2025-06-17,7.1977
USD,2025-06-18,1
HKD,2025-06-18,7.8231
CNY,2025-06-18,7.218
USD,2025-06-19,1
HKD,2025-06-19,7.8296
CNY,2025-06-19,7.2158
USD,2025-06-20,1
HKD,2025-06-20,7.8309
CNY,2025-06-20,7.2165
USD,2025-06-23,1
HKD,2025-06-23,7.8322
CNY,2025-06-23,7.2133
USD,2025-06-24,1
HKD,2025-06-24,7.8302
CNY,2025-06-24,7.1975
USD,2025-06-25,1
HKD,2025-06-25,7.8263
CNY,2025-06-25,7.2166
USD,2025-06-26,1
HKD,2025-06-26,7.8295
CNY,2025-06-26,7.2167
USD,2025-06-27,1
HKD,2025-06-27,7.8282
CNY,2025-06-27,7.2167
USD,2025-06-30,1
HKD,2025-06-30,7.8304
CNY,2025-06-30,7.2083
