txn_id,action,confirmed_id,confirmed_by,confirmed_date
T00025,Corrected,E104,Ops team,2025-01-16
T00036,Acknowledged,E103,E103,2025-01-19
T00046,Corrected,E103,Ops team,2025-01-26
T00056,Acknowledged,E104,E104,2025-01-25
T00058,Acknowledged,E103,E103,2025-01-26
T00146,Acknowledged,E103,E103,2025-02-22
T00165,,,,
T00245,Acknowledged,E103,E103,2025-03-29
T00275,Acknowledged,E105,E105,2025-04-10
T00278,Acknowledged,E110,E110,2025-04-10
T00283,,,,
T00330,,,,
T00360,,,,
T00377,Corrected,E101,Ops team,2025-05-26
