txn_id,txn_date_time,branch_code,product_code,cust_id,channel,campaign_code,currency,amount_local,sales_person_id,status
T00001,2025-01-02 10:30:00,B01,P06,55691590,Branch,,USD,602000,E105,Completed
T00002,2025-01-03 09:30:00,B01,P04,1809923365,Branch,,HKD,484000,E101,Completed
T00003,2025-01-03 09:40:00,B02,P03,0057825472,Branch,,HKD,874000,E104,Completed
T00004,2025-01-03 10:40:00,B03,P04,7667641457,Mobile App,,USD,46000,,Completed
T00005,2025-01-03 17:15:00,B03,P02,8383656346,Phone Banking,,USD,39000,E109,Completed
T00006,2025-01-03 17:20:00,B01,P07,4100023781,Phone Banking,,USD,213000,E108,Completed
T00007,2025-01-03 19:50:00,B03,P02,2751672943,Mobile App,,USD,197000,,Completed
T00008,2025-01-06 10:15:00,B01,P01,4100023781,Branch,,USD,25000,E101,Completed
T00009,2025-01-06 11:20:00,B05,P04,5637223790,Branch,,USD,32000,E107,Completed
T00010,2025-01-06 14:00:00,B02,P02,53083943,Branch,,USD,87000,E103,Completed
T00011,2025-01-06 14:40:00,B02,P04,8523286479,Branch,,HKD,437000,E103,Completed
T00012,2025-01-06 16:10:00,B01,P06,3179016710,Branch,,HKD,577000,E101,Cancelled
T00013,2025-01-07 10:30:00,B02,P04,4256229846,Mobile App,,USD,18000,,Cancelled
T00014,2025-01-07 14:10:00,B02,P02,0086890319,Branch,,HKD,304000,E104,Completed
T00015,2025-01-07 22:05:00,B02,P01,2531925273,Mobile App,,CNY,136000,,Completed
T00016,2025-01-08 09:25:00,B03,P07,8585205808,Branch,,USD,65000,E109,Completed
T00017,2025-01-08 14:30:00,B02,P04,2277513075,Phone Banking,,HKD,788000,E103,Completed
T00018,2025-01-09 11:45:00,B01,P03,0017404366,Branch,,USD,41000,E108,Completed
T00019,2025-01-09 13:05:00,B02,P03,2531925273,Branch,,USD,109000,E103,Completed
T00020,2025-01-09 13:45:00,B03,P07,7569827088,Phone Banking,,USD,171000,E109,Completed
T00021,2025-01-09 13:55:00,B02,P08,4085391267,Branch,,HKD,998000,E103,Completed
T00022,2025-01-09 14:40:00,B05,P03,45128803,Mobile App,,HKD,80000,E107,Completed
T00023,2025-01-09 15:25:00,B03,P08,8487706006,Branch,,HKD,211000,E103,Completed
T00024,2025-01-09 16:20:00,B02,P08,1272232039,Mobile App,,HKD,4797000,,Completed
T00025,2025-01-10 09:15:00,B01,P02,4309083358,Branch,,USD,70000,E14,Completed
T00026,2025-01-10 11:20:00,B02,P08,8355315526,Mobile App,,USD,185000,E104,Completed
T00027,2025-01-13 16:30:00,B02,P04,1272232039,Branch,,HKD,1997000,E104,Completed
T00028,2025-01-13 16:30:00,B03,P03,8585205808,Branch,,HKD,148000,E105,Completed
T00029,2025-01-13 17:45:00,B02,P05,53083943,Branch,,USD,23000,E104,Completed
T00030,2025-01-14 12:55:00,B02,P02,3207719945,Phone Banking,,USD,225000,e104 ,Cancelled
T00031,2025-01-14 15:45:00,B02,P02,8355315526,Phone Banking,,USD,16000,E104,Completed
T00032,2025-01-15 17:25:00,B01,P06,4387664751,Mobile App,CMP-CNY25,USD,35000,,Completed
T00033,2025-01-16 09:40:00,B03,P06,8487706006,Phone Banking,CMP-CNY25,USD,763000,E109,Completed
T00034,2025-01-16 11:05:00,B01,P07,17885621,Branch,CMP-CNY25,USD,75000,E101,Completed
T00035,2025-01-16 11:15:00,B01,P02,0032025226,Branch,,USD,61000,E101,Completed
T00036,2025-01-16 14:15:00,B02,P03,0044509861,Phone Banking,CMP-CNY25,HKD,2223000,E1033,Completed
T00037,2025-01-17 14:20:00,B01,P08,55245666,Mobile App,CMP-CNY25,HKD,1349000,,Completed
T00038,2025-01-17 16:35:00,B05,P04,5637223790,Mobile App,,USD,23000,E110,Completed
T00039,2025-01-17 18:30:00,B02,P01,4206911990,Mobile App,CMP-CNY25,USD,113000,,Completed
T00040,2025-01-18 15:25:00,B01,P06,0032025226,Phone Banking,,USD,246000,,Completed
T00041,2025-01-19 07:55:00,B02,P07,4206911990,Phone Banking,CMP-CNY25,HKD,1810000,,Cancelled
T00042,2025-01-20 09:10:00,B01,P04,0097309879,Branch,,HKD,788000,E108,Completed
T00043,2025-01-20 10:15:00,B02,P03,1369982817,Phone Banking,CMP-CNY25,USD,31000,E103,Completed
T00044,2025-01-20 11:05:00,B02,P05,3207719945,Branch,CMP-CNY25,USD,150000,E104,Completed
T00045,2025-01-20 11:55:00,B02,P07,2277513075,Mobile App,,USD,146000,E103,Completed
T00046,2025-01-20 13:20:00,B02,P02,5138950247,Branch,CMP-CNY25,USD,214000,E13,Completed
T00047,2025-01-20 15:30:00,B03,P03,6130984472,Branch,CMP-CNY25,CNY,83000,E105,Completed
T00048,2025-01-21 11:50:00,B02,P08,3207719945,Mobile App,,USD,100000,,Completed
T00049,2025-01-21 12:15:00,B03,P07,7667641457,Branch,CMP-CNY25,USD,43000,e102,Completed
T00050,2025-01-21 12:40:00,B01,P07,1345733448,Phone Banking,CMP-CNY25,USD,310000,E102,Completed
T00051,2025-01-21 13:50:00,B02,P01,4085391267,Branch,CMP-CNY25,USD,159000,E104,Completed
T00052,2025-01-21 15:35:00,B03,P02,1777759401,Phone Banking,CMP-CNY25,USD,18000,E109,Cancelled
T00053,2025-01-21 15:45:00,B02,P06,4085391267,Branch,,HKD,655000,E104,Completed
T00054,2025-01-21 16:10:00,B02,P06,0044509861,Branch,CMP-CNY25,CNY,6468000,E104,Completed
T00055,2025-01-22 12:20:00,B02,P07,8355315526,Phone Banking,,USD,173000,E104,Completed
T00056,2025-01-22 12:25:00,B02,P06,4085391267,Phone Banking,CMP-CNY25,HKD,3557000,E140,Completed
T00057,2025-01-22 15:25:00,B01,P07,71204459,Branch,,USD,431000,E111,Completed
T00058,2025-01-23 12:10:00,B02,P06,2277513075,Phone Banking,CMP-CNY25,HKD,1856000,E1O3,Completed
T00059,2025-01-23 13:20:00,B02,P06,9448071998,Mobile App,CMP-CNY25,USD,108000,,Completed
T00060,2025-01-23 16:15:00,B01,P01,3179016710,Mobile App,CMP-CNY25,CNY,128000,,Completed
T00061,2025-01-23 17:20:00,B01,P03,3694833017,Branch,CMP-CNY25,HKD,320000,E108,Completed
T00062,2025-01-24 09:05:00,B02,P03,9448071998,Branch,,USD,25000,e103,Completed
T00063,2025-01-24 09:25:00,B01,P02,0032025226,Mobile App,CMP-CNY25,HKD,78000,,Completed
T00064,2025-01-24 09:35:00,B01,P01,5910720333,Phone Banking,CMP-CNY25,USD,84000,E108,Completed
T00065,2025-01-24 13:45:00,B03,P03,8585205808,Mobile App,CMP-CNY25,USD,11000,E109,Completed
T00066,2025-01-24 16:15:00,B01,P08,3179016710,Phone Banking,CMP-CNY25,USD,40000,E101,Completed
T00067,2025-01-24 16:20:00,B01,P02,98231104,Phone Banking,CMP-CNY25,USD,18000,E102,Completed
T00068,2025-01-25 20:55:00,B02,P06,0057825472,Mobile App,,USD,67000,,Completed
T00069,2025-01-27 09:55:00,B03,P02,8383656346,Phone Banking,,USD,18000,E105,Completed
T00070,2025-01-27 15:20:00,B01,P07,4100023781,Phone Banking,,USD,107000,E108,Completed
T00071,2025-01-27 17:25:00,B01,P01,5185642036,Branch,,USD,78000,E108,Completed
T00072,2025-01-27 18:15:00,B03,P07,5512098834,Mobile App,CMP-CNY25,HKD,593000,,Completed
T00073,2025-01-27 19:30:00,B01,P06,7186063045,Mobile App,,HKD,2816000,,Completed
T00074,2025-01-28 11:40:00,B03,P07,5505973626,Branch,CMP-CNY25,USD,97000,E109,Completed
T00075,2025-01-28 13:25:00,B03,P07,8585205808,Mobile App,CMP-CNY25,HKD,554000,E105,Completed
T00076,2025-01-28 17:05:00,B02,P04,2277513075,Branch,,USD,82000,E103,Completed
T00077,2025-01-29 09:55:00,B02,P07,0044509861,Branch,CMP-CNY25,USD,481000,E104,Completed
T00078,2025-01-29 13:40:00,B01,P03,4100023781,Phone Banking,CMP-CNY25,HKD,780000,E101,Completed
T00079,2025-01-29 16:20:00,B03,P06,0056294337,Mobile App,CMP-CNY25,USD,246000,E103,Cancelled
T00080,2025-01-29 17:05:00,B01,P02,2639172015,Branch,CMP-CNY25,USD,65000,E111,Completed
T00081,2025-01-30 21:40:00,B03,P07,6429278715,Mobile App,CMP-CNY25,USD,117000,,Completed
T00082,2025-01-31 10:30:00,B03,P04,8871289681,Mobile App,,HKD,257000,,Completed
T00083,2025-01-31 12:50:00,B02,P08,2531925273,Branch,CMP-CNY25,USD,180000,E103,Completed
T00084,2025-01-31 13:10:00,B02,P02,0057619105,Branch,CMP-CNY25,HKD,242000,E103,Completed
T00085,2025-01-31 16:45:00,B01,P04,8964346572,Branch,CMP-CNY25,HKD,1131000,E102,Completed
T00086,2025-02-03 07:00:00,B03,P06,8871289681,Mobile App,CMP-CNY25,CNY,1781000,,Completed
T00087,2025-02-03 09:50:00,B03,P06,5512098834,Mobile App,CMP-CNY25,HKD,120000,,Completed
T00088,2025-02-03 17:00:00,B02,P02,0086890319,Branch,CMP-CNY25,HKD,47000,E104,Completed
T00089,2025-02-04 11:10:00,B02,P04,8523286479,Branch,CMP-CNY25,USD,145000,E103,Completed
T00090,2025-02-04 12:15:00,B02,P08,8355315526,Branch,CMP-CNY25,USD,181000,E104,Completed
T00091,2025-02-04 12:45:00,B01,P01,2639172015,Branch,,HKD,1825000,E110,Completed
T00092,2025-02-04 13:15:00,B02,P02,4085391267,Mobile App,CMP-CNY25,USD,283000,E103,Completed
T00093,2025-02-04 15:15:00,B02,P07,4206911990,Phone Banking,CMP-CNY25,HKD,1303000,E104,Cancelled
T00094,2025-02-04 15:35:00,B05,P05,1842303686,Phone Banking,CMP-CNY25,USD,74000,E107,Completed
T00095,2025-02-04 19:20:00,B02,P02,1272232039,Mobile App,CMP-CNY25,HKD,952000,,Completed
T00096,2025-02-05 11:40:00,B01,P06,4100023781,Mobile App,,HKD,2660000,,Completed
T00097,2025-02-05 14:10:00,B01,P07,4309083358,Branch,,HKD,1022000,E102,Completed
T00098,2025-02-05 16:45:00,B01,P02,98231104,Branch,CMP-CNY25,HKD,281000,E108,Completed
T00099,2025-02-06 10:00:00,B02,P08,7745016628,Mobile App,CMP-CNY25,HKD,4314000,E103,Completed
T00100,2025-02-06 12:40:00,B02,P01,4206911990,Phone Banking,CMP-CNY25,USD,103000,E103,Completed
T00101,2025-02-06 17:10:00,B02,P03,1369982817,Phone Banking,,HKD,195000,e104,Completed
T00102,2025-02-07 08:30:00,B02,P08,7745016628,Phone Banking,CMP-CNY25,HKD,3167000,,Cancelled
T00103,2025-02-07 11:20:00,B03,P03,7667641457,Branch,,USD,39000,E105,Completed
T00104,2025-02-07 13:35:00,B02,P08,8355315526,Branch,,USD,206000,E103,Completed
T00105,2025-02-07 15:55:00,B02,P03,86890319,Branch,CMP-CNY25,USD,3000,E104,Completed
T00106,2025-02-07 16:45:00,B05,P03,2203391157,Mobile App,CMP-CNY25,USD,89000,E107,Completed
T00107,2025-02-08 08:40:00,B03,P04,7569827088,Mobile App,,HKD,538000,,Completed
T00108,2025-02-08 17:50:00,B02,P02,5138950247,Mobile App,CMP-CNY25,USD,155000,,Completed
T00109,2025-02-10 10:30:00,B02,P04,4256229846,Mobile App,CMP-CNY25,USD,35000,E103,Completed
T00110,2025-02-10 17:00:00,B01,P08,55691590,Branch,CMP-CNY25,USD,352000,E101,Cancelled
T00111,2025-02-11 10:45:00,B01,P02,7504397999,Mobile App,,USD,169000,,Completed
T00112,2025-02-11 11:15:00,B01,P03,7186063045,Branch,,USD,43000,E101,Completed
T00113,2025-02-11 11:35:00,B01,P02,0019295191,Branch,,USD,68000,E111,Completed
T00114,2025-02-11 15:30:00,B01,P07,0071204459,Branch,CMP-CNY25,USD,200000,E101,Completed
T00115,2025-02-11 15:40:00,B02,P01,0044509861,Branch,CMP-CNY25,HKD,577000,E103,Completed
T00116,2025-02-11 17:05:00,B03,P07,8585205808,Branch,CMP-CNY25,HKD,577000,E110,Completed
T00117,2025-02-11 17:40:00,B03,P07,6429278715,Phone Banking,CMP-CNY25,HKD,1661000,,Completed
T00118,2025-02-12 13:20:00,B03,P04,6429278715,Mobile App,CMP-CNY25,USD,188000,,Completed
T00119,2025-02-12 13:35:00,B01,P06,9627692505,Branch,,USD,134000,E102,Completed
T00120,2025-02-12 15:25:00,B02,P06,7745016628,Phone Banking,,CNY,5926000,E107,Completed
T00121,2025-02-12 16:10:00,B03,P02,2751672943,Branch,CMP-CNY25,USD,21000,E105,Completed
T00122,2025-02-12 22:35:00,B02,P04,53083943,Mobile App,CMP-CNY25,USD,139000,,Completed
T00123,2025-02-13 11:05:00,B03,P03,8383656346,Branch,,USD,5000,E109,Completed
T00124,2025-02-13 16:40:00,B02,P01,4256229846,Mobile App,,USD,24000,E104,Cancelled
T00125,2025-02-13 16:45:00,B01,P04,7186063045,Branch,CMP-CNY25,HKD,507000,E101,Completed
T00126,2025-02-13 20:30:00,B01,P01,71204459,Mobile App,,USD,67000,,Completed
T00127,2025-02-14 10:00:00,B05,P04,2203391157,Branch,CMP-CNY25,HKD,60000,E107,Cancelled
T00128,2025-02-14 10:45:00,B02,P02,6106674386,Phone Banking,CMP-CNY25,HKD,250000,E104,Completed
T00129,2025-02-14 10:55:00,B01,P07,7504397999,Branch,CMP-CNY25,USD,308000,E110,Completed
T00130,2025-02-14 15:05:00,B01,P07,1345733448,Branch,CMP-CNY25,USD,538000,E102,Completed
T00131,2025-02-14 16:35:00,B02,P03,6989217536,Phone Banking,CMP-CNY25,USD,92000,E104,Completed
T00132,2025-02-14 17:45:00,B03,P07,1777759401,Branch,CMP-CNY25,USD,165000,E105,Completed
T00133,2025-02-15 11:25:00,B02,P07,9567133447,Mobile App,CMP-CNY25,USD,170000,,Completed
T00134,2025-02-16 09:20:00,B05,P03,2203391157,Mobile App,CMP-CNY25,HKD,359000,,Completed
T00135,2025-02-16 17:45:00,B02,P03,7745016628,Phone Banking,,CNY,205000,,Cancelled
T00136,2025-02-17 13:35:00,B02,P02,4085391267,Branch,CMP-CNY25,USD,206000,E104,Completed
T00137,2025-02-17 16:40:00,B01,P07,5185642036,Phone Banking,CMP-CNY25,USD,540000,E111,Completed
T00138,2025-02-18 10:40:00,B03,P03,5505973626,Branch,CMP-CNY25,USD,5000,E105,Completed
T00139,2025-02-18 17:25:00,B01,P04,55245666,Branch,,HKD,343000,E102,Completed
T00140,2025-02-19 10:05:00,B02,P03,8805210249,Branch,CMP-CNY25,USD,20000,E104,Completed
T00141,2025-02-19 12:40:00,B02,P06,44509861,Branch,,USD,248000,E104,Completed
T00142,2025-02-19 12:40:00,B03,P02,5990686117,Phone Banking,,HKD,367000,,Completed
T00143,2025-02-19 13:45:00,B03,P01,2751672943,Phone Banking,CMP-CNY25,USD,216000,E105,Completed
T00144,2025-02-19 13:55:00,B03,P07,7667641457,Phone Banking,,USD,56000,,Completed
T00145,2025-02-19 14:55:00,B01,P03,9627692505,Branch,CMP-CNY25,CNY,1561000,E111,Completed
T00146,2025-02-19 17:10:00,B02,P03,0044509861,Branch,CMP-CNY25,USD,87000,E1O3,Completed
T00147,2025-02-19 17:30:00,B01,P07,4309083358,Mobile App,,USD,97000,,Completed
T00148,2025-02-20 10:00:00,B03,P06,8383656346,Branch,CMP-CNY25,USD,131000,E109,Completed
T00149,2025-02-20 11:15:00,B02,P03,6989217536,Mobile App,CMP-CNY25,USD,27000,E103,Completed
T00150,2025-02-20 15:15:00,B01,P02,55691590,Mobile App,CMP-CNY25,HKD,1903000,,Completed
T00151,2025-02-20 17:15:00,B01,P06,7186063045,Branch,CMP-CNY25,USD,291000,E101,Completed
T00152,2025-02-21 10:30:00,B01,P07,4309083358,Phone Banking,CMP-CNY25,HKD,1217000,E103,Completed
T00153,2025-02-21 11:45:00,B01,P03,9627692505,Phone Banking,CMP-CNY25,HKD,2309000,E102,Completed
T00154,2025-02-21 12:25:00,B01,P01,55691590,Mobile App,,HKD,1989000,E102,Completed
T00155,2025-02-24 10:40:00,B02,P05,3207719945,Branch,CMP-CNY25,HKD,1973000,E108,Completed
T00156,2025-02-24 13:05:00,B02,P03,2897597490,Phone Banking,,USD,3000,E103,Completed
T00157,2025-02-24 13:20:00,B02,P08,4085391267,Mobile App,CMP-CNY25,USD,119000,,Completed
T00158,2025-02-24 14:40:00,B01,P08,0071204459,Mobile App,,CNY,3744000,,Completed
T00159,2025-02-24 14:50:00,B02,P04,8523286479,Branch,,USD,41000,E104,Completed
T00160,2025-02-24 16:10:00,B03,P06,1003425081,Phone Banking,CMP-CNY25,USD,383000,E105,Completed
T00161,2025-02-24 18:30:00,B01,P07,5185642036,Phone Banking,CMP-CNY25,USD,193000,,Completed
T00162,2025-02-25 11:30:00,B03,P06,1272084999,Phone Banking,,USD,90000,E105,Completed
T00163,2025-02-25 13:45:00,B03,P01,6130984472,Mobile App,,HKD,15000,E105,Completed
T00164,2025-02-25 15:20:00,B02,P08,8355315526,Mobile App,CMP-CNY25,USD,25000,E103,Completed
T00165,2025-02-26 09:50:00,B01,P06,9627692505,Branch,,HKD,4470000,E11,Completed
T00166,2025-02-26 09:55:00,B02,P08,4085391267,Phone Banking,CMP-CNY25,USD,429000,E103,Cancelled
T00167,2025-02-26 10:05:00,B01,P02,0019295191,Branch,,USD,71000,E111,Completed
T00168,2025-02-26 10:10:00,B03,P07,2751672943,Branch,CMP-CNY25,USD,556000,E105,Completed
T00169,2025-02-26 11:55:00,B03,P07,7667641457,Phone Banking,CMP-CNY25,HKD,117000,E105,Completed
T00170,2025-02-27 12:05:00,B01,P01,0055691590,Phone Banking,CMP-CNY25,HKD,2262000,E101,Completed
T00171,2025-02-27 13:30:00,B01,P07,9627692505,Mobile App,,USD,346000,E103,Completed
T00172,2025-02-27 14:10:00,B03,P04,1272084999,Branch,CMP-CNY25,USD,24000,E103,Completed
T00173,2025-02-28 09:40:00,B02,P01,5138950247,Branch,CMP-CNY25,HKD,226000,E104,Completed
T00174,2025-02-28 11:05:00,B01,P07,0071204459,Branch,CMP-CNY25,HKD,1833000,E101,Completed
T00175,2025-02-28 12:45:00,B03,P03,1272084999,Branch,,USD,21000,E105,Completed
T00176,2025-02-28 16:20:00,B03,P06,5512098834,Phone Banking,,USD,122000,E105,Completed
T00177,2025-02-28 17:30:00,B01,P08,2639172015,Phone Banking,,USD,620000,E108,Completed
T00178,2025-02-28 21:30:00,B02,P03,4206911990,Mobile App,,USD,57000,,Completed
T00179,2025-03-02 09:20:00,B02,P03,3207719945,Mobile App,,USD,246000,,Cancelled
T00180,2025-03-03 10:55:00,B02,P08,4206911990,Branch,,CNY,1624000,E104,Completed
T00181,2025-03-03 13:20:00,B03,P07,8383656346,Branch,,USD,70000,E105,Completed
T00182,2025-03-03 13:30:00,B01,P03,1809923365,Branch,,USD,18000,E102,Completed
T00183,2025-03-03 13:55:00,B02,P01,8805210249,Branch,,USD,34000,E110,Completed
T00184,2025-03-04 11:30:00,B02,P04,7745016628,Branch,CMP-PROT25,USD,50000,E104,Completed
T00185,2025-03-05 16:00:00,B03,P03,6429278715,Phone Banking,,HKD,1482000,E105,Completed
T00186,2025-03-07 11:50:00,B02,P05,7745016628,Branch,,HKD,2348000,E104,Completed
T00187,2025-03-07 14:10:00,B01,P04,1809923365,Phone Banking,CMP-PROT25,HKD,240000,E102,Completed
T00188,2025-03-07 15:25:00,B02,P03,3207719945,Branch,,HKD,1256000,E103,Completed
T00189,2025-03-10 11:20:00,B02,P04,8523286479,Branch,CMP-PROT25,USD,75000,E103,Completed
T00190,2025-03-10 12:35:00,B02,P07,2203391157,Branch,,HKD,312000,E103,Completed
T00191,2025-03-10 14:00:00,B02,P03,4085391267,Phone Banking,,HKD,359000,E104,Completed
T00192,2025-03-11 12:15:00,B02,P07,45128803,Mobile App,,USD,85000,,Completed
T00193,2025-03-11 14:30:00,B01,P08,55691590,Branch,,HKD,1888000,E111,Completed
T00194,2025-03-11 16:15:00,B02,P03,9567133447,Phone Banking,,USD,40000,E105,Completed
T00195,2025-03-12 10:25:00,B01,P08,4100023781,Branch,,CNY,235000,E101,Completed
T00196,2025-03-12 12:10:00,B03,P04,8585205808,Branch,CMP-PROT25,USD,21000,E105,Completed
T00197,2025-03-12 15:20:00,B01,P02,19295191,Mobile App,,USD,93000,E111,Completed
T00198,2025-03-12 16:00:00,B02,P02,1842303686,Branch,,USD,10000,E104,Completed
T00199,2025-03-12 17:20:00,B01,P03,9627692505,Branch,,USD,28000,E103,Completed
T00200,2025-03-13 10:50:00,B03,P03,8585205808,Branch,,HKD,211000,E109,Completed
T00201,2025-03-13 16:45:00,B02,P06,3814816203,Branch,,HKD,819000,E104,Completed
T00202,2025-03-13 21:40:00,B03,P04,1003425081,Mobile App,CMP-PROT25,CNY,431000,,Completed
T00203,2025-03-13 22:00:00,B02,P04,44509861,Mobile App,,USD,210000,,Completed
T00204,2025-03-14 13:00:00,B02,P03,2277513075,Branch,,USD,12000,E110,Cancelled
T00205,2025-03-15 13:35:00,B03,P02,1777759401,Phone Banking,,HKD,679000,,Completed
T00206,2025-03-15 14:15:00,B01,P06,9627692505,Mobile App,,HKD,2012000,,Completed
T00207,2025-03-16 16:50:00,B03,P06,1003425081,Mobile App,,HKD,1318000,,Completed
T00208,2025-03-17 11:10:00,B02,P03,1272232039,Branch,,USD,178000,E103,Completed
T00209,2025-03-17 11:15:00,B01,P08,0055691590,Phone Banking,,USD,465000,E102,Completed
T00210,2025-03-17 11:45:00,B02,P07,1272232039,Phone Banking,,USD,331000,E103,Completed
T00211,2025-03-17 14:05:00,B02,P07,6106674386,Branch,,USD,80000,E103,Completed
T00212,2025-03-17 15:40:00,B01,P06,0019295191,Phone Banking,,CNY,447000,E108,Completed
T00213,2025-03-17 15:50:00,B02,P04,2203391157,Phone Banking,CMP-PROT25,USD,51000,,Completed
T00214,2025-03-17 16:30:00,B03,P02,8871289681,Branch,,HKD,359000,E105,Completed
T00215,2025-03-18 14:45:00,B02,P04,0044509861,Branch,CMP-PROT25,HKD,1669000,E103,Completed
T00216,2025-03-18 14:50:00,B01,P06,9627692505,Branch,,HKD,7496000,e101,Completed
T00217,2025-03-18 16:00:00,B01,P01,71204459,Branch,,HKD,835000,E101,Completed
T00218,2025-03-18 17:05:00,B02,P08,0045128803,Mobile App,,HKD,40000,E103,Completed
T00219,2025-03-19 10:45:00,B02,P03,6989217536,Mobile App,,USD,50000,,Completed
T00220,2025-03-19 13:10:00,B02,P04,1272232039,Branch,CMP-PROT25,USD,146000,E110,Completed
T00221,2025-03-19 13:50:00,B03,P07,9794231618,Branch,,USD,76000,E105,Completed
T00222,2025-03-19 15:45:00,B03,P02,6737003611,Branch,,HKD,125000,E105,Completed
T00223,2025-03-19 16:30:00,B01,P01,5185642036,Mobile App,,USD,222000,E102,Completed
T00224,2025-03-19 17:15:00,B03,P03,7569827088,Phone Banking,,USD,102000,E104,Completed
T00225,2025-03-20 09:15:00,B03,P02,5512098834,Phone Banking,,HKD,117000,E109,Completed
T00226,2025-03-20 09:35:00,B03,P03,3328832319,Branch,,HKD,86000,E108,Completed
T00227,2025-03-20 10:55:00,B01,P03,4402838304,Branch,,USD,6000,E102,Completed
T00228,2025-03-20 14:50:00,B01,P05,2639172015,Branch,,USD,281000,E101,Completed
T00229,2025-03-20 15:50:00,B01,P03,0017885621,Branch,,HKD,109000,E101,Completed
T00230,2025-03-20 17:25:00,B02,P03,0086890319,Branch,,HKD,320000,E104,Completed
T00231,2025-03-20 18:20:00,B02,P03,4206911990,Phone Banking,,HKD,445000,,Completed
T00232,2025-03-21 15:25:00,B02,P04,5138950247,Mobile App,CMP-PROT25,HKD,2457000,,Completed
T00233,2025-03-21 15:40:00,B03,P07,1003425081,Branch,,USD,243000,E109,Completed
T00234,2025-03-21 16:10:00,B01,P04,0020737016,Branch,CMP-PROT25,HKD,1053000,E101,Completed
T00235,2025-03-23 12:45:00,B01,P02,0017404366,Phone Banking,,HKD,117000,,Completed
T00236,2025-03-23 14:20:00,B03,P03,3328832319,Phone Banking,,USD,14000,,Completed
T00237,2025-03-23 14:35:00,B01,P08,0055245666,Phone Banking,,HKD,94000,,Completed
T00238,2025-03-24 09:15:00,B03,P06,0056294337,Branch,,USD,208000,E105,Cancelled
T00239,2025-03-24 21:30:00,B03,P06,6130984472,Mobile App,,HKD,289000,,Completed
T00240,2025-03-25 09:50:00,B02,P04,8805210249,Branch,CMP-PROT25,HKD,109000,E104,Completed
T00241,2025-03-25 10:20:00,B02,P06,8355315526,Phone Banking,,USD,101000,E110,Completed
T00242,2025-03-26 09:20:00,B01,P01,5185642036,Mobile App,,USD,246000,E110,Completed
T00243,2025-03-26 10:00:00,B03,P07,8871289681,Branch,,HKD,1240000,E109,Completed
T00244,2025-03-26 15:40:00,B03,P07,8487706006,Branch,,USD,459000,E105,Completed
T00245,2025-03-26 16:00:00,B02,P05,2531925273,Branch,,HKD,406000,E130,Completed
T00246,2025-03-26 17:45:00,B01,P06,1809923365,Phone Banking,,USD,159000,E108,Completed
T00247,2025-03-27 09:10:00,B01,P06,19295191,Phone Banking,,USD,145000,E111,Completed
T00248,2025-03-27 09:15:00,B02,P02,3207719945,Branch,,CNY,784000,E104,Completed
T00249,2025-03-27 12:10:00,B02,P02,57619105,Branch,,CNY,188000,E110,Completed
T00250,2025-03-28 09:30:00,B02,P02,4085391267,Phone Banking,,USD,174000,E110,Completed
T00251,2025-03-28 09:45:00,B03,P07,5512098834,Branch,,HKD,655000,E109,Completed
T00252,2025-03-28 09:45:00,B03,P07,5990686117,Phone Banking,,USD,242000,E102,Completed
T00253,2025-03-28 11:45:00,B01,P04,55245666,Branch,CMP-PROT25,USD,103000,E101,Completed
T00254,2025-03-28 14:45:00,B01,P08,8964346572,Branch,,HKD,632000,E111,Completed
T00255,2025-03-30 13:10:00,B02,P06,5138950247,Mobile App,,USD,665000,,Completed
T00256,2025-03-31 12:35:00,B01,P06,5185642036,Phone Banking,,USD,423000,E102,Completed
T00257,2025-03-31 13:55:00,B02,P06,4206911990,Branch,,HKD,702000,E110,Completed
T00258,2025-03-31 15:10:00,B03,P03,8871289681,Phone Banking,,USD,57000,E111,Completed
T00259,2025-03-31 15:35:00,B01,P02,4100023781,Branch,,USD,104000,E101,Completed
T00260,2025-03-31 16:35:00,B03,P08,5990686117,Phone Banking,,USD,157000,E109,Completed
T00261,2025-03-31 21:40:00,B01,P08,0017885621,Phone Banking,,USD,51000,,Cancelled
T00262,2025-04-01 09:05:00,B01,P03,5910720333,Branch,CMP-SPR25,USD,69000, E101,Completed
T00263,2025-04-01 13:40:00,B02,P07,8523286479,Phone Banking,,HKD,772000,E104,Completed
T00264,2025-04-01 13:45:00,B02,P06,1369982817,Phone Banking,,HKD,156000,E103,Completed
T00265,2025-04-01 17:40:00,B02,P04,17091225,Branch,,USD,14000,E104,Completed
T00266,2025-04-01 17:45:00,B02,P02,8523286479,Branch,,USD,24000,E110,Completed
T00267,2025-04-02 10:10:00,B02,P02,9567133447,Branch,CMP-SPR25,HKD,515000,E110,Completed
T00268,2025-04-02 11:45:00,B03,P07,1272084999,Branch,,USD,65000,E109,Completed
T00269,2025-04-02 12:00:00,B03,P01,5512098834,Branch,CMP-SPR25,USD,20000,E105,Completed
T00270,2025-04-02 16:15:00,B01,P05,55691590,Branch,,USD,564000,E102,Completed
T00271,2025-04-02 19:30:00,B01,P05,2639172015,Phone Banking,,USD,471000,,Completed
T00272,2025-04-03 15:25:00,B02,P06,0044509861,Phone Banking,,USD,204000,E103,Completed
T00273,2025-04-03 15:45:00,B02,P08,4085391267,Mobile App,,USD,261000,E104,Completed
T00274,2025-04-04 11:10:00,B02,P01,5379913896,Branch,,USD,21000,E103,Completed
T00275,2025-04-07 09:00:00,B03,P04,3328832319,Phone Banking,,USD,20000,E150,Completed
T00276,2025-04-07 09:25:00,B01,P03,1345733448,Mobile App,CMP-SPR25,USD,59000,E108,Completed
T00277,2025-04-07 09:40:00,B02,P04,3207719945,Branch,,HKD,1591000,E103,Completed
T00278,2025-04-07 13:15:00,B02,P05,2783886952,Branch,,HKD,1412000,E11O,Completed
T00279,2025-04-07 16:15:00,B01,P03,71204459,Branch,CMP-SPR25,USD,289000,E108,Completed
T00280,2025-04-07 16:45:00,B03,P02,6429278715,Branch,CMP-SPR25,USD,200000,E105,Completed
T00281,2025-04-08 09:00:00,B03,P03,6712542998,Branch,CMP-SPR25,HKD,133000,E105,Cancelled
T00282,2025-04-08 09:00:00,B02,P07,0057825472,Branch,,USD,134000,E104,Completed
T00283,2025-04-08 09:10:00,B01,P02,1345733448,Phone Banking,CMP-SPR25,HKD,967000,E11,Completed
T00284,2025-04-08 09:25:00,B02,P07,5138950247,Branch,,CNY,3468000,E103,Completed
T00285,2025-04-08 15:55:00,B01,P05,71204459,Branch,CMP-SPR25,USD,300000,E101,Completed
T00286,2025-04-09 15:10:00,B01,P02,0098231104,Phone Banking,,HKD,718000,E111,Completed
T00287,2025-04-09 15:25:00,B03,P04,1003425081,Branch,,HKD,920000,E105,Completed
T00288,2025-04-09 17:00:00,B02,P07,44509861,Branch,,HKD,3955000,E104,Completed
T00289,2025-04-10 12:50:00,B02,P04,0017091225,Branch,,USD,11000,E110,Completed
T00290,2025-04-10 15:20:00,B02,P06,0016329105,Phone Banking,,HKD,616000,E104,Completed
T00291,2025-04-11 15:25:00,B02,P08,2531925273,Phone Banking,,USD,127000,E110,Completed
T00292,2025-04-13 10:05:00,B02,P02,7745016628,Phone Banking,CMP-SPR25,HKD,1170000,,Completed
T00293,2025-04-14 09:50:00,B02,P08,1842303686,Branch,,HKD,468000,E102,Completed
T00294,2025-04-14 14:45:00,B01,P07,2639172015,Branch,,USD,247000,E108,Completed
T00295,2025-04-14 20:40:00,B02,P04,2897597490,Mobile App,,USD,33000,,Completed
T00296,2025-04-15 09:25:00,B01,P03,0017885621,Mobile App,,USD,13000,E101,Completed
T00297,2025-04-15 10:40:00,B01,P03,98231104,Mobile App,CMP-SPR25,USD,12000,E102,Completed
T00298,2025-04-16 15:30:00,B02,P02,0057825472,Branch,,HKD,702000,E110,Completed
T00299,2025-04-16 16:30:00,B03,P08,8487706006,Phone Banking,,HKD,3183000,E110,Completed
T00300,2025-04-17 11:30:00,B01,P06,5185642036,Phone Banking,,USD,668000,E111,Completed
T00301,2025-04-17 21:50:00,B02,P06,3814816203,Mobile App,,USD,283000,,Completed
T00302,2025-04-18 09:45:00,B01,P06,7504397999,Branch,,HKD,7512000,E101,Completed
T00303,2025-04-18 14:35:00,B01,P02,1345733448,Mobile App,CMP-SPR25,USD,253000,,Completed
T00304,2025-04-18 17:00:00,B02,P07,3207719945,Branch,,USD,123000,E110,Completed
T00305,2025-04-19 11:25:00,B02,P03,7745016628,Phone Banking,CMP-SPR25,HKD,226000,,Completed
T00306,2025-04-20 17:20:00,B02,P06,7745016628,Mobile App,,USD,168000,,Completed
T00307,2025-04-21 11:05:00,B02,P03,3207719945,Branch,CMP-SPR25,HKD,1459000,E103,Completed
T00308,2025-04-22 11:20:00,B02,P06,2203391157,Phone Banking,,HKD,200000,E103,Completed
T00309,2025-04-22 17:35:00,B02,P01,5138950247,Phone Banking,,USD,100000,E110,Completed
T00310,2025-04-23 11:35:00,B02,P06,8523286479,Branch,,USD,102000,E104,Completed
T00311,2025-04-23 15:10:00,B02,P04,5138950247,Branch,,HKD,2387000,E104,Cancelled
T00312,2025-04-23 17:00:00,B01,P04,0071204459,Phone Banking,,USD,211000,E104,Completed
T00313,2025-04-24 07:15:00,B03,P07,2751672943,Phone Banking,,HKD,2441000,,Completed
T00314,2025-04-24 10:20:00,B02,P06,1369982817,Branch,,HKD,601000,E110,Completed
T00315,2025-04-24 11:55:00,B03,P07,8585205808,Phone Banking,,HKD,577000,E105,Completed
T00316,2025-04-24 12:55:00,B02,P02,0044509861,Mobile App,CMP-SPR25,USD,245000,E103,Completed
T00317,2025-04-24 15:50:00,B01,P06,17404366,Branch,,USD,125000,E104,Completed
T00318,2025-04-25 09:00:00,B02,P06,2277513075,Phone Banking,,USD,73000,E110,Completed
T00319,2025-04-25 11:20:00,B01,P03,4387664751,Branch,CMP-SPR25,USD,12000,E111,Completed
T00320,2025-04-25 14:25:00,B01,P07,2639172015,Phone Banking,,USD,164000,E101,Completed
T00321,2025-04-26 12:30:00,B02,P07,1272232039,Mobile App,,USD,470000,,Completed
T00322,2025-04-26 16:35:00,B03,P08,5990686117,Mobile App,,USD,176000,,Completed
T00323,2025-04-27 22:45:00,B02,P02,0017091225,Mobile App,CMP-SPR25,USD,24000,,Completed
T00324,2025-04-28 13:55:00,B03,P01,3328832319,Branch,,USD,24000,E109,Completed
T00325,2025-04-28 15:50:00,B01,P06,0055245666,Branch,,HKD,2676000,E110,Completed
T00326,2025-04-29 09:05:00,B01,P02,55245666,Branch,CMP-SPR25,USD,76000,E101,Completed
T00327,2025-04-29 09:10:00,B02,P03,7745016628,Branch,,USD,205000,E101,Completed
T00328,2025-04-29 10:40:00,B03,P03,6130984472,Phone Banking,CMP-SPR25,USD,11000,E103,Completed
T00329,2025-04-29 11:40:00,B01,P02,0055691590,Phone Banking,,USD,149000,E108,Completed
T00330,2025-04-29 13:35:00,B03,P03,2751672943,Phone Banking,CMP-SPR25,USD,176000,E190,Completed
T00331,2025-04-29 14:05:00,B02,P07,7745016628,Branch,CMP-SPR25,USD,250000,E104,Completed
T00332,2025-04-29 14:05:00,B01,P01,8964346572,Phone Banking,CMP-SPR25,HKD,694000,E108,Completed
T00333,2025-04-29 16:35:00,B02,P02,2783886952,Branch,CMP-SPR25,HKD,554000,E110,Completed
T00334,2025-04-29 16:45:00,B02,P06,0017091225,Branch,,HKD,1022000,E104,Completed
T00335,2025-04-29 17:10:00,B02,P05,2783886952,Branch,,HKD,1459000,E110,Completed
T00336,2025-05-01 10:55:00,B02,P03,5134554812,Phone Banking,CMP-SPR25,HKD,31000,E110,Completed
T00337,2025-05-01 17:25:00,B02,P08,2783886952,Branch,,USD,218000,E104,Completed
T00338,2025-05-02 10:00:00,B01,P03,7504397999,Phone Banking,,USD,267000,E111,Completed
T00339,2025-05-05 16:10:00,B03,P01,5505973626,Mobile App,,USD,60000,E105,Completed
T00340,2025-05-06 09:35:00,B01,P01,1809923365,Mobile App,CMP-SPR25,USD,35000,,Completed
T00341,2025-05-06 13:50:00,B04,P03,8585205808,Branch,CMP-SPR25,USD,25000,E105,Cancelled
T00342,2025-05-06 14:55:00,B02,P04,4206911990,Branch,,HKD,452000,E109,Completed
T00343,2025-05-06 16:05:00,B03,P02,2751672943,Branch,,USD,274000,E109,Completed
T00344,2025-05-06 17:05:00,B03,P06,6130984472,Phone Banking,,HKD,944000,E103,Completed
T00345,2025-05-07 10:00:00,B03,P06,6130984472,Branch,,HKD,967000,E105,Completed
T00346,2025-05-07 13:25:00,B02,P04,5637223790,Branch,,HKD,398000, E110,Completed
T00347,2025-05-07 13:35:00,B03,P04,1777759401,Mobile App,,USD,44000,,Completed
T00348,2025-05-08 14:10:00,B01,P02,0055245666,Phone Banking,,HKD,78000,E102,Completed
T00349,2025-05-08 16:00:00,B01,P03,1345733448,Branch,CMP-SPR25,HKD,1833000,E101,Completed
T00350,2025-05-08 16:55:00,B01,P07,0055691590,Phone Banking,,USD,229000,E102,Completed
T00351,2025-05-09 12:15:00,B01,P03,55691590,Phone Banking,CMP-SPR25,USD,83000,,Completed
T00352,2025-05-09 15:45:00,B01,P02,3179016710,Branch,,HKD,31000,E102,Completed
T00353,2025-05-09 16:15:00,B02,P02,8355315526,Mobile App,,CNY,797000,,Completed
T00354,2025-05-10 14:55:00,B03,P07,8487706006,Mobile App,,USD,392000,,Completed
T00355,2025-05-12 16:05:00,B01,P05,17885621,Branch,,USD,26000,E101,Completed
T00356,2025-05-12 16:35:00,B02,P07,2203391157,Branch,,HKD,445000,E104,Completed
T00357,2025-05-13 10:10:00,B02,P02,7745016628,Phone Banking,,HKD,1037000,E103,Completed
T00358,2025-05-13 15:45:00,B01,P06,7186063045,Mobile App,,HKD,2379000,,Completed
T00359,2025-05-13 16:45:00,B03,P03,6130984472,Mobile App,CMP-SPR25,HKD,20000,,Completed
T00360,2025-05-14 10:20:00,B02,P03,16329105,Phone Banking,CMP-SPR25,USD,40000,E1100,Cancelled
T00361,2025-05-14 13:35:00,B02,P04,3814816203,Branch,,USD,48000,E110,Cancelled
T00362,2025-05-14 15:50:00,B02,P04,9567133447,Phone Banking,,USD,94000,E103,Completed
T00363,2025-05-14 16:45:00,B02,P06,3207719945,Mobile App,,HKD,6966000,E103,Completed
T00364,2025-05-14 17:00:00,B03,P04,8487706006,Branch,,USD,167000,E105,Completed
T00365,2025-05-14 17:15:00,B02,P06,1369982817,Branch,,USD,104000,E110,Completed
T00366,2025-05-15 11:15:00,B02,P06,6106674386,Branch,,USD,45000,E104,Completed
T00367,2025-05-15 13:15:00,B03,P06,1003425081,Phone Banking,,HKD,1256000,E105,Completed
T00368,2025-05-15 16:05:00,B02,P03,1842303686,Branch,,HKD,179000,E104,Completed
T00369,2025-05-16 10:10:00,B02,P01,0044509861,Phone Banking,CMP-SPR25,USD,23000,E103,Completed
T00370,2025-05-19 10:10:00,B02,P07,8355315526,Branch,,HKD,1529000,E110,Completed
T00371,2025-05-19 11:40:00,B03,P03,83289666,Branch,CMP-SPR25,USD,28000,E105,Cancelled
T00372,2025-05-19 13:40:00,B01,P04,2639172015,Branch,,USD,363000,E102,Completed
T00373,2025-05-19 17:55:00,B01,P04,9627692505,Branch,,USD,64000,E101,Completed
T00374,2025-05-19 20:45:00,B02,P04,45128803,Mobile App,,USD,30000,,Completed
T00375,2025-05-20 09:40:00,B02,P07,8355315526,Branch,,HKD,445000,E104,Cancelled
T00376,2025-05-20 11:35:00,B01,P08,19295191,Mobile App,,USD,173000,E108,Completed
T00377,2025-05-20 12:05:00,B01,P03,4387664751,Branch,CMP-SPR25,HKD,101000,E11,Completed
T00378,2025-05-20 13:10:00,B01,P02,4100023781,Phone Banking,CMP-SPR25,CNY,366000,E101,Cancelled
T00379,2025-05-21 11:00:00,B02,P01,4206911990,Branch,CMP-SPR25,USD,82000,E104,Completed
T00380,2025-05-21 13:25:00,B02,P07,2277513075,Phone Banking,,HKD,4368000,E104,Completed
T00381,2025-05-21 15:55:00,B01,P08,4402838304,Branch,,USD,74000,E102,Completed
T00382,2025-05-21 17:50:00,B02,P07,0057619105,Branch,,HKD,140000,E110,Completed
T00383,2025-05-22 12:40:00,B01,P01,3179016710,Branch,,CNY,146000,E110,Cancelled
T00384,2025-05-22 13:15:00,B04,P08,9794231618,Mobile App,,HKD,445000,E106,Completed
T00385,2025-05-22 17:30:00,B02,P04,6106674386,Mobile App,,HKD,117000,,Completed
T00386,2025-05-22 20:20:00,B01,P06,0071204459,Mobile App,,USD,212000,,Completed
T00387,2025-05-23 11:00:00,B04,P03,6712542998,Branch,CMP-SPR25,HKD,632000,E106,Completed
T00388,2025-05-23 13:05:00,B01,P06,8964346572,Phone Banking,,USD,205000,E101,Completed
T00389,2025-05-23 16:25:00,B04,P07,6429278715,Branch,,HKD,2270000,E106,Completed
T00390,2025-05-25 19:20:00,B02,P02,4206911990,Mobile App,CMP-SPR25,CNY,724000,,Completed
T00391,2025-05-26 09:15:00,B02,P04,3207719945,Branch,,USD,269000,E104,Completed
T00392,2025-05-26 10:55:00,B02,P02,2531925273,Branch,CMP-SPR25,USD,65000,E104,Completed
T00393,2025-05-26 11:45:00,B02,P06,6106674386,Branch,,USD,105000,E110,Completed
T00394,2025-05-26 13:40:00,B01,P06,0071204459,Phone Banking,,USD,901000,E108,Completed
T00395,2025-05-26 15:50:00,B03,P03,5512098834,Mobile App,CMP-SPR25,USD,7000,,Completed
T00396,2025-05-26 19:40:00,B03,P04,5512098834,Mobile App,,USD,144000,,Completed
T00397,2025-05-27 09:30:00,B02,P04,45128803,Branch,,USD,37000,E103,Cancelled
T00398,2025-05-27 10:55:00,B04,P08,5512098834,Mobile App,CMP-SPR25,USD,8000,E106,Completed
T00399,2025-05-27 14:10:00,B01,P04,8964346572,Branch,,HKD,382000,E102,Completed
T00400,2025-05-28 11:55:00,B02,P01,3207719945,Mobile App,,HKD,764000,E102,Completed
T00401,2025-05-28 13:25:00,B01,P04,19295191,Branch,,HKD,2582000,E101,Completed
T00402,2025-05-28 15:45:00,B01,P04,55245666,Branch,,USD,41000,E111,Cancelled
T00403,2025-05-28 15:50:00,B01,P02,0071204459,Branch,,USD,17000,E111,Completed
T00404,2025-05-28 16:55:00,B02,P02,4206911990,Branch,CMP-SPR25,CNY,610000,E103,Completed
T00405,2025-05-28 17:05:00,B01,P07,9627692505,Mobile App,,USD,120000,E102,Completed
T00406,2025-05-29 08:45:00,B02,P06,9567133447,Mobile App,,HKD,757000,,Completed
T00407,2025-05-29 14:00:00,B02,P03,57825472,Phone Banking,CMP-SPR25,USD,72000,,Completed
T00408,2025-05-29 15:35:00,B02,P07,53083943,Phone Banking,,CNY,1562000,E110,Completed
T00409,2025-05-29 17:15:00,B01,P08,0097309879,Branch,,HKD,1638000,E111,Completed
T00410,2025-05-30 09:40:00,B01,P02,0019295191,Branch,CMP-SPR25,HKD,718000,E101,Completed
T00411,2025-05-31 22:00:00,B01,P02,7186063045,Mobile App,CMP-SPR25,HKD,1825000,,Completed
T00412,2025-06-01 20:10:00,B02,P03,3207719945,Mobile App,,USD,231000,,Completed
T00413,2025-06-02 09:20:00,B04,P06,6712542998,Branch,,USD,78000,E101,Completed
T00414,2025-06-02 10:55:00,B01,P05,55691590,Mobile App,,HKD,1474000,E108,Completed
T00415,2025-06-02 13:05:00,B01,P03,5185642036,Branch,,USD,40000,E111,Completed
T00416,2025-06-02 17:40:00,B04,P03,9794231618,Mobile App,,HKD,211000,,Completed
T00417,2025-06-03 10:05:00,B04,P08,7569827088,Branch,,USD,188000,E106,Completed
T00418,2025-06-03 11:50:00,B02,P01,3207719945,Branch,,USD,180000,E104,Completed
T00419,2025-06-03 13:10:00,B02,P01,5379913896,Branch,,HKD,86000,E109,Completed
T00420,2025-06-03 15:05:00,B01,P03,2639172015,Branch,,USD,181000,E108,Completed
T00421,2025-06-03 15:55:00,B02,P08,44509861,Branch,,HKD,351000,E104,Completed
T00422,2025-06-03 16:05:00,B02,P02,6989217536,Mobile App,,HKD,460000,e106,Completed
T00423,2025-06-04 10:50:00,B04,P07,2751672943,Phone Banking,,USD,124000,,Completed
T00424,2025-06-04 11:30:00,B02,P05,3207719945,Phone Banking,,HKD,2449000,E104,Completed
T00425,2025-06-04 11:55:00,B02,P06,0044509861,Branch,,USD,750000,E110,Completed
T00426,2025-06-04 12:25:00,B01,P03,0098231104,Mobile App,,USD,21000,E111,Completed
T00427,2025-06-04 13:00:00,B01,P02,2639172015,Phone Banking,,USD,292000,E102,Cancelled
T00428,2025-06-04 13:25:00,B01,P02,0055691590,Mobile App,,USD,252000,E106,Completed
T00429,2025-06-04 16:30:00,B02,P07,86890319,Mobile App,,HKD,187000,E110,Completed
T00430,2025-06-05 09:55:00,B02,P06,5134554812,Phone Banking,,HKD,694000,E104,Completed
T00431,2025-06-05 15:45:00,B01,P02,55691590,Mobile App,,HKD,1763000,E106,Completed
T00432,2025-06-05 16:10:00,B01,P07,1809923365,Branch,,HKD,3034000,E108,Completed
T00433,2025-06-05 17:40:00,B01,P02,71204459,Branch,,HKD,203000,E101,Completed
T00434,2025-06-05 17:45:00,B04,P06,1777759401,Phone Banking,,HKD,1045000,E106,Completed
T00435,2025-06-06 17:10:00,B04,P06,56294337,Mobile App,,HKD,491000,,Completed
T00436,2025-06-07 10:40:00,B02,P06,9567133447,Mobile App,,USD,182000,,Completed
T00437,2025-06-08 21:55:00,B02,P07,6989217536,Mobile App,,HKD,281000,,Completed
T00438,2025-06-09 07:10:00,B04,P03,7667641457,Mobile App,,CNY,819000,,Completed
T00439,2025-06-09 17:25:00,B04,P07,7569827088,Mobile App,,USD,89000,,Completed
T00440,2025-06-10 13:45:00,B01,P02,1345733448,Branch,,HKD,1997000,E101,Completed
T00441,2025-06-10 14:05:00,B01,P03,3694833017,Branch,,HKD,250000,E108,Completed
T00442,2025-06-10 15:15:00,B04,P02,45128803,Mobile App,,HKD,50000,E103,Completed
T00443,2025-06-10 16:30:00,B01,P04,9627692505,Branch,,CNY,1662000,E101,Completed
T00444,2025-06-11 16:40:00,B02,P07,4206911990,Branch,,USD,115000,E106,Completed
T00445,2025-06-11 22:10:00,B04,P07,2751672943,Phone Banking,,USD,330000,,Completed
T00446,2025-06-12 11:55:00,B02,P01,8805210249,Phone Banking,,USD,42000,E104,Completed
T00447,2025-06-12 13:50:00,B02,P03,4206911990,Phone Banking,,HKD,78000,E104,Completed
T00448,2025-06-12 15:20:00,B02,P06,8805210249,Branch,,USD,27000,E108,Completed
T00449,2025-06-13 10:55:00,B04,P03,1777759401,Phone Banking,,HKD,710000,E109,Cancelled
T00450,2025-06-13 11:35:00,B04,P06,83289666,Branch,,HKD,608000,E109,Completed
T00451,2025-06-13 17:45:00,B01,P06,2639172015,Phone Banking,,USD,655000,E111,Completed
T00452,2025-06-15 13:25:00,B02,P06,4256229846,Phone Banking,,USD,67000,,Completed
T00453,2025-06-15 21:15:00,B02,P03,9448071998,Phone Banking,,HKD,101000,,Completed
T00454,2025-06-16 10:45:00,B02,P06,16329105,Branch,,HKD,702000,E110,Completed
T00455,2025-06-16 12:05:00,B02,P02,5134554812,Branch,,USD,15000,E110,Completed
T00456,2025-06-16 15:35:00,B02,P07,4085391267,Branch,,USD,226000,E104,Completed
T00457,2025-06-17 09:05:00,B01,P04,71204459,Branch,,USD,100000,E101,Completed
T00458,2025-06-17 11:20:00,B01,P03,0032025226,Branch,,HKD,179000,E111,Completed
T00459,2025-06-17 12:55:00,B04,P07,8585205808,Mobile App,,HKD,156000,,Completed
T00460,2025-06-17 17:20:00,B04,P06,2751672943,Phone Banking,,USD,685000,E106,Completed
T00461,2025-06-18 08:35:00,B01,P06,7186063045,Phone Banking,,USD,192000,,Completed
T00462,2025-06-18 10:25:00,B01,P06,0017404366,Phone Banking,,HKD,718000,E106,Completed
T00463,2025-06-18 12:15:00,B01,P01,98231104,Mobile App,,CNY,549000,E111,Completed
T00464,2025-06-18 12:45:00,B04,P06,5512098834,Mobile App,,HKD,1139000,,Cancelled
T00465,2025-06-18 13:45:00,B01,P06,4309083358,Phone Banking,,USD,394000,E108,Completed
T00466,2025-06-18 14:50:00,B02,P07,2277513075,Branch,,USD,520000,E110,Completed
T00467,2025-06-18 17:15:00,B01,P03,20737016,Branch,,HKD,616000,E101,Pending
T00468,2025-06-19 11:15:00,B01,P04,55245666,Branch,,HKD,757000,E111,Completed
T00469,2025-06-19 15:45:00,B01,P04,0020737016,Phone Banking,,HKD,608000,E101,Completed
T00470,2025-06-19 16:35:00,B04,P06,7569827088,Branch,,HKD,2566000,E106,Completed
T00471,2025-06-19 16:55:00,B01,P04,2639172015,Mobile App,,HKD,842000,E108,Completed
T00472,2025-06-19 17:50:00,B02,P02,0057619105,Phone Banking,,USD,7000,,Completed
T00473,2025-06-20 07:35:00,B02,P02,4085391267,Mobile App,,USD,197000,,Completed
T00474,2025-06-20 16:05:00,B04,P06,1777759401,Phone Banking,,USD,225000,E106,Completed
T00475,2025-06-21 07:20:00,B01,P02,0017885621,Mobile App,,USD,28000,,Completed
T00476,2025-06-21 10:25:00,B01,P06,3694833017,Mobile App,,USD,74000,,Pending
T00477,2025-06-23 10:45:00,B01,P07,1345733448,Mobile App,,USD,533000,,Completed
T00478,2025-06-24 09:20:00,B04,P03,8487706006,Mobile App,,USD,153000,E106,Completed
T00479,2025-06-24 10:50:00,B01,P08,0071204459,Phone Banking,,HKD,3978000,E101,Completed
T00480,2025-06-24 11:50:00,B02,P01,4085391267,Phone Banking,,USD,16000,E110,Completed
T00481,2025-06-24 14:30:00,B01,P05,98231104,Branch,,USD,40000,E102,Completed
T00482,2025-06-24 17:05:00,B04,P04,6712542998,Phone Banking,,USD,130000,E103,Completed
T00483,2025-06-25 14:25:00,B04,P07,8487706006,Branch,,HKD,1045000,E103,Completed
T00484,2025-06-25 14:30:00,B01,P03,0055691590,Mobile App,,CNY,1474000,,Pending
T00485,2025-06-25 16:45:00,B02,P01,4085391267,Phone Banking,,USD,290000,E110,Pending
T00486,2025-06-26 07:10:00,B01,P02,0098231104,Mobile App,,USD,71000,,Pending
T00487,2025-06-26 15:55:00,B01,P06,4309083358,Branch,,USD,115000,E111,Completed
T00488,2025-06-26 16:45:00,B02,P06,5138950247,Branch,,USD,379000,E104,Completed
T00489,2025-06-27 09:25:00,B01,P06,4387664751,Mobile App,,HKD,1030000,,Completed
T00490,2025-06-27 10:05:00,B02,P04,53083943,Branch,,HKD,593000,E104,Completed
T00491,2025-06-27 11:45:00,B04,P07,8487706006,Branch,,USD,384000,E103,Completed
T00492,2025-06-27 11:55:00,B01,P02,3895453336,Phone Banking,,USD,11000,E108,Completed
T00493,2025-06-27 15:50:00,B02,P04,5637223790,Phone Banking,,USD,30000,E104,Completed
T00494,2025-06-29 18:40:00,B02,P03,5134554812,Mobile App,,HKD,31000,,Completed
T00495,2025-06-30 09:35:00,B01,P06,7504397999,Branch,,HKD,5086000,E108,Completed
T00496,2025-06-30 10:50:00,B01,P08,0098231104,Phone Banking,,HKD,390000,E102,Completed
T00497,2025-06-30 11:05:00,B01,P01,0055691590,Branch,,USD,35000,E101,Completed
T00498,2025-06-30 12:40:00,B02,P07,7745016628,Branch,,HKD,4743000,E104,Pending
T00499,2025-06-30 16:00:00,B02,P06,7745016628,Phone Banking,,USD,500000,E104,Completed
T00500,2025-06-30 16:00:00,B01,P05,0071204459,Branch,,CNY,1474000,E102,Completed
